"sampleID","readLen","numReads","platform","fastqFile","phredOffset","useMulti","useStrand","minReads","maxDist","minBelowMaxDist","processedReads","alignedReads","processedAlignmentsFC","assignedAlignmentsFC","TISSUE","CELLTYPE","STAGE","BLOCK","mySampleName","SRAsamSRS","SRAexpSRX","SRAsamName","SRAlibName","SRAattrib"
"ERR229826",48,59606315,"ILLUMINA","ERR229826.fastq.gz",33,"true",FALSE,5,250,1,0,0,0,0,"toBeProvided","toBeProvided","toBeProvided","toBeProvided","toBeProvided","ERS214132","ERX204383","E-MTAB-1499:QC5","QC5","Organism: Arabidopsis thaliana || organism part: root || Individual: QC5"
"ERR229827",52,31071212,"ILLUMINA","ERR229827.fastq.gz",33,"true",FALSE,5,250,1,0,0,0,0,"toBeProvided","toBeProvided","toBeProvided","toBeProvided","toBeProvided","ERS214135","ERX204389","E-MTAB-1499:pGL2-4","pGL2-4","Organism: Arabidopsis thaliana || organism part: root || Individual: pGL2-4"
"ERR229830",44,42769604,"ILLUMINA","ERR229830.fastq.gz",33,"true",FALSE,5,250,1,0,0,0,0,"toBeProvided","toBeProvided","toBeProvided","toBeProvided","toBeProvided","ERS214137","ERX204391","E-MTAB-1499:pGL2-2","pGL2-2","Organism: Arabidopsis thaliana || organism part: root || Individual: pGL2-2"
"ERR229841",52,10785092,"ILLUMINA","ERR229841.fastq.gz",33,"true",FALSE,5,250,1,0,0,0,0,"toBeProvided","toBeProvided","toBeProvided","toBeProvided","toBeProvided","ERS214141","ERX204396","E-MTAB-1499:pGL2-7","pGL2-7","Organism: Arabidopsis thaliana || organism part: root || Individual: pGL2-7"
"ERR229844",44,47485098,"ILLUMINA","ERR229844.fastq.gz",33,"true",FALSE,5,250,1,0,0,0,0,"toBeProvided","toBeProvided","toBeProvided","toBeProvided","toBeProvided","ERS214140","ERX204394","E-MTAB-1499:pGL2-3","pGL2-3","Organism: Arabidopsis thaliana || organism part: root || Individual: pGL2-3"
"ERR229845",48,54143428,"ILLUMINA","ERR229845.fastq.gz",33,"true",FALSE,5,250,1,0,0,0,0,"toBeProvided","toBeProvided","toBeProvided","toBeProvided","toBeProvided","ERS214142","ERX204397","E-MTAB-1499:QC3","QC3","Organism: Arabidopsis thaliana || organism part: root || Individual: QC3"
"ERR229848",48,60136044,"ILLUMINA","ERR229848.fastq.gz",33,"true",FALSE,5,250,1,0,0,0,0,"toBeProvided","toBeProvided","toBeProvided","toBeProvided","toBeProvided","ERS214130","ERX204380","E-MTAB-1499:QC1","QC1","Organism: Arabidopsis thaliana || organism part: root || Individual: QC1"
"ERR229849",48,56141255,"ILLUMINA","ERR229849.fastq.gz",33,"true",FALSE,5,250,1,0,0,0,0,"toBeProvided","toBeProvided","toBeProvided","toBeProvided","toBeProvided","ERS214136","ERX204390","E-MTAB-1499:QC2","QC2","Organism: Arabidopsis thaliana || organism part: root || Individual: QC2"
"ERR229850",52,22075881,"ILLUMINA","ERR229850.fastq.gz",33,"true",FALSE,5,250,1,0,0,0,0,"toBeProvided","toBeProvided","toBeProvided","toBeProvided","toBeProvided","ERS214145","ERX204405","E-MTAB-1499:pGL2-6","pGL2-6","Organism: Arabidopsis thaliana || organism part: root || Individual: pGL2-6"
"ERR229852",44,22860111,"ILLUMINA","ERR229852.fastq.gz",33,"true",FALSE,5,250,1,0,0,0,0,"toBeProvided","toBeProvided","toBeProvided","toBeProvided","toBeProvided","ERS214133","ERX204384","E-MTAB-1499:pGL2-1","pGL2-1","Organism: Arabidopsis thaliana || organism part: root || Individual: pGL2-1"
"ERR229853",48,70752842,"ILLUMINA","ERR229853.fastq.gz",33,"true",FALSE,5,250,1,0,0,0,0,"toBeProvided","toBeProvided","toBeProvided","toBeProvided","toBeProvided","ERS214129","ERX204379","E-MTAB-1499:QC6","QC6","Organism: Arabidopsis thaliana || organism part: root || Individual: QC6"
"ERR229855",52,32017522,"ILLUMINA","ERR229855.fastq.gz",33,"true",FALSE,5,250,1,0,0,0,0,"toBeProvided","toBeProvided","toBeProvided","toBeProvided","toBeProvided","ERS214144","ERX204401","E-MTAB-1499:QC4","QC4","Organism: Arabidopsis thaliana || organism part: root || Individual: QC4"
"ERR229856",52,30240472,"ILLUMINA","ERR229856.fastq.gz",33,"true",FALSE,5,250,1,0,0,0,0,"toBeProvided","toBeProvided","toBeProvided","toBeProvided","toBeProvided","ERS214146","ERX204409","E-MTAB-1499:pGL2-5","pGL2-5","Organism: Arabidopsis thaliana || organism part: root || Individual: pGL2-5"
"SRR074122",36,21413867,"ILLUMINA","SRR074122.fastq.gz",33,"true",FALSE,5,250,1,0,0,0,0,"toBeProvided","toBeProvided","toBeProvided","toBeProvided","toBeProvided","SRS139640","SRX032219","GSM623879: mRNA-Seq on wild-type early globular embryos","GSM623879: mRNA-Seq on wild-type early globular embryos","source_name: Col-0 embryos || strain: Col-0 || tissue: embryos || development stage: early globular || BioSampleModel: Generic"
"SRR089623",50,49646171,"ABI_SOLID","SRR089623.fastq.gz",33,"true",FALSE,5,250,1,0,0,0,0,"toBeProvided","toBeProvided","toBeProvided","toBeProvided","toBeProvided","SRS151024","SRX037074","GSM595272: total amplified RNA, 2-to-4 cells Ler/Col embryos, sample # LerCol_7","GSM595272: total amplified RNA, 2-to-4 cells Ler/Col embryos, sample # LerCol_7","source_name: embryos (dissected) || Stage: 2-to-4 cells embryo stage with suspensor (partial) || maternal strain: Landsberg erecta (Ler) || maternal genotype/variation: wildtype || paternal strain: Columbia_0 (Col0) || paternal genotype/variation: wildtype || BioSampleModel: Generic"
"SRR089624",50,30091548,"ABI_SOLID","SRR089624.fastq.gz",33,"true",FALSE,5,250,1,0,0,0,0,"toBeProvided","toBeProvided","toBeProvided","toBeProvided","toBeProvided","SRS151025","SRX037075","GSM595273: total amplified RNA, globular Ler/Col embryos, sample # LerCol_8","GSM595273: total amplified RNA, globular Ler/Col embryos, sample # LerCol_8","source_name: embryos (dissected) || Stage: globular embryo stage with suspensor (partial) || maternal strain: Landsberg erecta (Ler) || maternal genotype/variation: wildtype || paternal strain: Columbia_0 (Col0) || maternal genotype/variation: wildtype || BioSampleModel: Generic"
"SRR1029032",50,46668672,"ABI_SOLID","SRR1029032.fastq.gz",33,"true",FALSE,5,250,1,0,0,0,0,"toBeProvided","toBeProvided","toBeProvided","toBeProvided","toBeProvided","SRS501709","SRX376914",NA,"Egg1","label: egg cell || BioSampleModel: Generic"
"SRR1029033",50,48389361,"ABI_SOLID","SRR1029033.fastq.gz",33,"true",FALSE,5,250,1,0,0,0,0,"toBeProvided","toBeProvided","toBeProvided","toBeProvided","toBeProvided","SRS501710","SRX376915",NA,"Syn1","label: synergid cells || BioSampleModel: Generic"
"SRR1046862",82,29135320,"ILLUMINA","SRR1046862.fastq.gz",33,"true",FALSE,5,250,1,0,0,0,0,"toBeProvided","toBeProvided","toBeProvided","toBeProvided","toBeProvided","SRS513491","SRX389757",NA,NA,"source_name: Floral bud stage 12, Ler-0 || accession: Ler-0 || tissue: whole floral bud || development stage: stage 12 || BioSampleModel: Generic"
"SRR1046909",102,7243569,"ILLUMINA","SRR1046909.fastq.gz",33,"true",FALSE,5,250,1,0,0,0,0,"toBeProvided","toBeProvided","toBeProvided","toBeProvided","toBeProvided","SRS513532","SRX389798",NA,NA,"source_name: 10-day-old root, Col-0 || accession: Col-0 || tissue: whole root || age: 10 days || replicate: biological replicate 1 || BioSampleModel: Generic"
"SRR1046910",78,5868787,"ILLUMINA","SRR1046910.fastq.gz",33,"true",FALSE,5,250,1,0,0,0,0,"toBeProvided","toBeProvided","toBeProvided","toBeProvided","toBeProvided","SRS513533","SRX389799",NA,NA,"source_name: 10-day-old root, Col-0 || accession: Col-0 || tissue: whole root || age: 10 days || replicate: biological replicate 2 || BioSampleModel: Generic"
"SRR1046919",78,5156948,"ILLUMINA","SRR1046919.fastq.gz",33,"true",FALSE,5,250,1,0,0,0,0,"toBeProvided","toBeProvided","toBeProvided","toBeProvided","toBeProvided","SRS513542","SRX389808",NA,NA,"source_name: 10-day-old root, Ler-0 || accession: Ler-0 || tissue: whole root || age: 10 days || replicate: biological replicate 1 || BioSampleModel: Generic"
"SRR1046920",102,6837746,"ILLUMINA","SRR1046920.fastq.gz",33,"true",FALSE,5,250,1,0,0,0,0,"toBeProvided","toBeProvided","toBeProvided","toBeProvided","toBeProvided","SRS513543","SRX389809",NA,NA,"source_name: 10-day-old root, Ler-0 || accession: Ler-0 || tissue: whole root || age: 10 days || replicate: biological replicate 2 || BioSampleModel: Generic"
"SRR210764",36,7828560,"ILLUMINA","SRR210764.fastq.gz",33,"true",FALSE,5,250,1,0,0,0,0,"toBeProvided","toBeProvided","toBeProvided","toBeProvided","toBeProvided","SRS116484","SRX063784","23","Anther Meiocytes",NA
"SRR210765",36,180982,"ILLUMINA","SRR210765.fastq.gz",33,"true",FALSE,5,250,1,0,0,0,0,"toBeProvided","toBeProvided","toBeProvided","toBeProvided","toBeProvided","SRS116484","SRX063784","23","Anther Meiocytes",NA
"SRR210766",36,1435801,"ILLUMINA","SRR210766.fastq.gz",33,"true",FALSE,5,250,1,0,0,0,0,"toBeProvided","toBeProvided","toBeProvided","toBeProvided","toBeProvided","SRS116484","SRX063784","23","Anther Meiocytes",NA
"SRR210767",36,13196153,"ILLUMINA","SRR210767.fastq.gz",33,"true",FALSE,5,250,1,0,0,0,0,"toBeProvided","toBeProvided","toBeProvided","toBeProvided","toBeProvided","SRS116484","SRX063784","23","Anther Meiocytes",NA
"SRR275536",50,43740114,"ABI_SOLID","SRR275536.fastq.gz",33,"true",FALSE,5,250,1,0,0,0,0,"toBeProvided","toBeProvided","toBeProvided","toBeProvided","toBeProvided","SRS211870","SRX076053","GSM737033: AtLerCentralCell_wildtype_1","GSM737033: AtLerCentralCell_wildtype_1","source_name: central cells isolated with LAM || ecotype: Landsberg erecta || development stage: mature female gametophyte || cell type: central cell || BioSampleModel: Generic"
"SRR275537",50,43987011,"ABI_SOLID","SRR275537.fastq.gz",33,"true",FALSE,5,250,1,0,0,0,0,"toBeProvided","toBeProvided","toBeProvided","toBeProvided","toBeProvided","SRS211871","SRX076054","GSM737034: AtLerCentralCell_wildtype_2","GSM737034: AtLerCentralCell_wildtype_2","source_name: central cells isolated with LAM || ecotype: Landsberg erecta || development stage: mature female gametophyte || cell type: central cell || BioSampleModel: Generic"
"SRR307067",49,7469905,"ILLUMINA","SRR307067.fastq.gz",33,"true",FALSE,5,250,1,0,0,0,0,"toBeProvided","toBeProvided","toBeProvided","toBeProvided","toBeProvided","SRS214180","SRX082186","GSM756821: Col x Ler embryo RNA-seq","GSM756821: Col x Ler embryo RNA-seq","source_name: embryo 6-7 days after pollination || genetic background: Col-0 female X Ler male || tissue: embryo || age: 6-7 days after pollination || BioSampleModel: Generic"
"SRR307068",36,21753325,"ILLUMINA","SRR307068.fastq.gz",33,"true",FALSE,5,250,1,0,0,0,0,"toBeProvided","toBeProvided","toBeProvided","toBeProvided","toBeProvided","SRS214180","SRX082186","GSM756821: Col x Ler embryo RNA-seq","GSM756821: Col x Ler embryo RNA-seq","source_name: embryo 6-7 days after pollination || genetic background: Col-0 female X Ler male || tissue: embryo || age: 6-7 days after pollination || BioSampleModel: Generic"
"SRR307069",49,7060473,"ILLUMINA","SRR307069.fastq.gz",33,"true",FALSE,5,250,1,0,0,0,0,"toBeProvided","toBeProvided","toBeProvided","toBeProvided","toBeProvided","SRS214181","SRX082187","GSM756822: Col x Ler endosperm RNA-seq","GSM756822: Col x Ler endosperm RNA-seq","source_name: endosperm 6-7 days after pollination || genetic background: Col-0 female X Ler male || tissue: endosperm || age: 6-7 days after pollination || BioSampleModel: Generic"
"SRR307070",36,19899967,"ILLUMINA","SRR307070.fastq.gz",33,"true",FALSE,5,250,1,0,0,0,0,"toBeProvided","toBeProvided","toBeProvided","toBeProvided","toBeProvided","SRS214181","SRX082187","GSM756822: Col x Ler endosperm RNA-seq","GSM756822: Col x Ler endosperm RNA-seq","source_name: endosperm 6-7 days after pollination || genetic background: Col-0 female X Ler male || tissue: endosperm || age: 6-7 days after pollination || BioSampleModel: Generic"
"SRR307071",49,6882539,"ILLUMINA","SRR307071.fastq.gz",33,"true",FALSE,5,250,1,0,0,0,0,"toBeProvided","toBeProvided","toBeProvided","toBeProvided","toBeProvided","SRS214182","SRX082188","GSM756823: Ler x Col embryo RNA-seq","GSM756823: Ler x Col embryo RNA-seq","source_name: embryo 6-7 days after pollination || genetic background: Ler female X Col-0 male || tissue: embryo || age: 6-7 days after pollination || BioSampleModel: Generic"
"SRR307072",49,7632639,"ILLUMINA","SRR307072.fastq.gz",33,"true",FALSE,5,250,1,0,0,0,0,"toBeProvided","toBeProvided","toBeProvided","toBeProvided","toBeProvided","SRS214182","SRX082188","GSM756823: Ler x Col embryo RNA-seq","GSM756823: Ler x Col embryo RNA-seq","source_name: embryo 6-7 days after pollination || genetic background: Ler female X Col-0 male || tissue: embryo || age: 6-7 days after pollination || BioSampleModel: Generic"
"SRR307073",36,21174401,"ILLUMINA","SRR307073.fastq.gz",33,"true",FALSE,5,250,1,0,0,0,0,"toBeProvided","toBeProvided","toBeProvided","toBeProvided","toBeProvided","SRS214182","SRX082188","GSM756823: Ler x Col embryo RNA-seq","GSM756823: Ler x Col embryo RNA-seq","source_name: embryo 6-7 days after pollination || genetic background: Ler female X Col-0 male || tissue: embryo || age: 6-7 days after pollination || BioSampleModel: Generic"
"SRR307074",49,6263922,"ILLUMINA","SRR307074.fastq.gz",33,"true",FALSE,5,250,1,0,0,0,0,"toBeProvided","toBeProvided","toBeProvided","toBeProvided","toBeProvided","SRS214183","SRX082189","GSM756824: Ler x Col endosperm RNA-seq","GSM756824: Ler x Col endosperm RNA-seq","source_name: endosperm 6-7 days after pollination || genetic background: Ler female X Col-0 male || tissue: endosperm || age: 6-7 days after pollination || BioSampleModel: Generic"
"SRR307075",49,5264512,"ILLUMINA","SRR307075.fastq.gz",33,"true",FALSE,5,250,1,0,0,0,0,"toBeProvided","toBeProvided","toBeProvided","toBeProvided","toBeProvided","SRS214183","SRX082189","GSM756824: Ler x Col endosperm RNA-seq","GSM756824: Ler x Col endosperm RNA-seq","source_name: endosperm 6-7 days after pollination || genetic background: Ler female X Col-0 male || tissue: endosperm || age: 6-7 days after pollination || BioSampleModel: Generic"
"SRR307076",36,20142429,"ILLUMINA","SRR307076.fastq.gz",33,"true",FALSE,5,250,1,0,0,0,0,"toBeProvided","toBeProvided","toBeProvided","toBeProvided","toBeProvided","SRS214183","SRX082189","GSM756824: Ler x Col endosperm RNA-seq","GSM756824: Ler x Col endosperm RNA-seq","source_name: endosperm 6-7 days after pollination || genetic background: Ler female X Col-0 male || tissue: endosperm || age: 6-7 days after pollination || BioSampleModel: Generic"
"SRR309153",82,6541414,"ILLUMINA","SRR309153.fastq.gz",33,"true",FALSE,5,250,1,0,0,0,0,"toBeProvided","toBeProvided","toBeProvided","toBeProvided","toBeProvided","SRS227883","SRX083180","GSM762078: col_0_seedling_br1","GSM762078: col_0_seedling_br1","source_name: 11-day-old seedling, Col-0 || accession: Col-0 || tissue: seedling || age: 11 days || replicate: biological replicate 1 || BioSampleModel: Generic"
"SRR309154",82,5967344,"ILLUMINA","SRR309154.fastq.gz",33,"true",FALSE,5,250,1,0,0,0,0,"toBeProvided","toBeProvided","toBeProvided","toBeProvided","toBeProvided","SRS227884","SRX083181","GSM762079: col_0_seedling_br2","GSM762079: col_0_seedling_br2","source_name: 11-day-old seedling, Col-0 || accession: Col-0 || tissue: seedling || age: 11 days || replicate: biological replicate 2 || BioSampleModel: Generic"
"SRR309163",82,5592414,"ILLUMINA","SRR309163.fastq.gz",33,"true",FALSE,5,250,1,0,0,0,0,"toBeProvided","toBeProvided","toBeProvided","toBeProvided","toBeProvided","SRS227893","SRX083190","GSM762088: ler_0_seedling_br1","GSM762088: ler_0_seedling_br1","source_name: 11-day-old seedling, Ler-0 || accession: Ler-0 || tissue: seedling || age: 11 days || replicate: biological replicate 1 || BioSampleModel: Generic"
"SRR309164",82,6221913,"ILLUMINA","SRR309164.fastq.gz",33,"true",FALSE,5,250,1,0,0,0,0,"toBeProvided","toBeProvided","toBeProvided","toBeProvided","toBeProvided","SRS227894","SRX083191","GSM762089: ler_0_seedling_br2","GSM762089: ler_0_seedling_br2","source_name: 11-day-old seedling, Ler-0 || accession: Ler-0 || tissue: seedling || age: 11 days || replicate: biological replicate 2 || BioSampleModel: Generic"
"SRR314813",82,28783170,"ILLUMINA","SRR314813.fastq.gz",33,"true",FALSE,5,250,1,0,0,0,0,"toBeProvided","toBeProvided","toBeProvided","toBeProvided","toBeProvided","SRS228277","SRX084368","GSM764077: Col_0_seedling_validation_rep1","GSM764077: Col_0_seedling_validation_rep1","source_name: 11-day-old seedling, Col-0 || accession: Col-0 || tissue: seedling || age: 11 days || replicate: biological replicate 1 || BioSampleModel: Generic"
"SRR314814",82,31362126,"ILLUMINA","SRR314814.fastq.gz",33,"true",FALSE,5,250,1,0,0,0,0,"toBeProvided","toBeProvided","toBeProvided","toBeProvided","toBeProvided","SRS228278","SRX084369","GSM764078: Col_0_root_validation_rep1","GSM764078: Col_0_root_validation_rep1","source_name: 10-day-old root, Col-0 || accession: Col-0 || tissue: root || age: 10 days || replicate: biological replicate 1 || BioSampleModel: Generic"
"SRR314815",82,28988204,"ILLUMINA","SRR314815.fastq.gz",33,"true",FALSE,5,250,1,0,0,0,0,"toBeProvided","toBeProvided","toBeProvided","toBeProvided","toBeProvided","SRS228279","SRX084370","GSM764079: Col_0_floral_bud_validation_rep1","GSM764079: Col_0_floral_bud_validation_rep1","source_name: stage 12 floral bud, Col-0 || accession: Col-0 || tissue: floral bud || age: stage 12 || replicate: biological replicate 1 || BioSampleModel: Generic"
"SRR372608",50,80978129,"ABI_SOLID","SRR372608.fastq.gz",33,"true",FALSE,5,250,1,0,0,0,0,"toBeProvided","toBeProvided","toBeProvided","toBeProvided","toBeProvided","SRS280662","SRX107220","GSM838183: total amplified RNA, globular Ler/Col embryos, sample # MC_LerCol_11","GSM838183: total amplified RNA, globular Ler/Col embryos, sample # MC_LerCol_11","source_name: embryos (dissected) || Stage: 2-to-4 cells embryo stage with suspensor (partial) || maternal strain: Landsberg erecta (Ler) || maternal genotype/variation: wildtype || paternal strain: Columbia_0 (Col0) || paternal genotype/variation: wildtype || BioSampleModel: Generic"
"SRR372711",50,84963541,"ABI_SOLID","SRR372711.fastq.gz",33,"true",FALSE,5,250,1,0,0,0,0,"toBeProvided","toBeProvided","toBeProvided","toBeProvided","toBeProvided","SRS280762","SRX107320","GSM838189: total amplified RNA, 2-to-4 cells Col/Ler embryos, sample # MC_ColLer_2","GSM838189: total amplified RNA, 2-to-4 cells Col/Ler embryos, sample # MC_ColLer_2","source_name: embryos (dissected) || Stage: globular embryo stage with suspensor (partial) || maternal strain: Columbia_0 (Col0) || maternal genotype/variation: wildtype || paternal strain: Landsberg erecta (Ler) || paternal genotype/variation: wildtype || BioSampleModel: Generic"
"SRR390302",35,3588247,"ILLUMINA","SRR390302.fastq.gz",33,"true",FALSE,5,250,1,0,0,0,0,"toBeProvided","toBeProvided","toBeProvided","toBeProvided","toBeProvided","SRS282593","SRX111836","GSM849859: +0 long day (LD) A","GSM849859: +0 long day (LD) A","source_name: laser dissected shoot apical meristems || development stage: before induction || strain: Col-0 || tissue: shoot apical meristems || BioSampleModel: Generic"
"SRR390303",35,1990514,"ILLUMINA","SRR390303.fastq.gz",33,"true",FALSE,5,250,1,0,0,0,0,"toBeProvided","toBeProvided","toBeProvided","toBeProvided","toBeProvided","SRS282594","SRX111837","GSM849860: +0 long day (LD) B","GSM849860: +0 long day (LD) B","source_name: laser dissected shoot apical meristems || development stage: before induction || strain: Col-0 || tissue: shoot apical meristems || BioSampleModel: Generic"
"SRR390304",35,5263622,"ILLUMINA","SRR390304.fastq.gz",33,"true",FALSE,5,250,1,0,0,0,0,"toBeProvided","toBeProvided","toBeProvided","toBeProvided","toBeProvided","SRS282594","SRX111837","GSM849860: +0 long day (LD) B","GSM849860: +0 long day (LD) B","source_name: laser dissected shoot apical meristems || development stage: before induction || strain: Col-0 || tissue: shoot apical meristems || BioSampleModel: Generic"
"SRR390305",36,12855783,"ILLUMINA","SRR390305_1.fastq.gz",33,"true",FALSE,5,250,1,0,0,0,0,"toBeProvided","toBeProvided","toBeProvided","toBeProvided","toBeProvided","SRS282595","SRX111838","GSM849861: +0 long day (LD) C","GSM849861: +0 long day (LD) C","source_name: laser dissected shoot apical meristems || development stage: before induction || strain: Col-0 || tissue: shoot apical meristems || BioSampleModel: Generic"
"SRR390306",35,3499827,"ILLUMINA","SRR390306.fastq.gz",33,"true",FALSE,5,250,1,0,0,0,0,"toBeProvided","toBeProvided","toBeProvided","toBeProvided","toBeProvided","SRS282596","SRX111839","GSM849862: +1 long day (LD) A","GSM849862: +1 long day (LD) A","source_name: laser dissected shoot apical meristems || development stage: after 1 LD induction || strain: Col-0 || tissue: shoot apical meristems || BioSampleModel: Generic"
"SRR390307",35,5946250,"ILLUMINA","SRR390307.fastq.gz",33,"true",FALSE,5,250,1,0,0,0,0,"toBeProvided","toBeProvided","toBeProvided","toBeProvided","toBeProvided","SRS282596","SRX111839","GSM849862: +1 long day (LD) A","GSM849862: +1 long day (LD) A","source_name: laser dissected shoot apical meristems || development stage: after 1 LD induction || strain: Col-0 || tissue: shoot apical meristems || BioSampleModel: Generic"
"SRR390308",35,3026184,"ILLUMINA","SRR390308.fastq.gz",33,"true",FALSE,5,250,1,0,0,0,0,"toBeProvided","toBeProvided","toBeProvided","toBeProvided","toBeProvided","SRS282597","SRX111840","GSM849863: +1 long day (LD) B","GSM849863: +1 long day (LD) B","source_name: laser dissected shoot apical meristems || development stage: after 1 LD induction || strain: Col-0 || tissue: shoot apical meristems || BioSampleModel: Generic"
"SRR390309",35,6178869,"ILLUMINA","SRR390309.fastq.gz",33,"true",FALSE,5,250,1,0,0,0,0,"toBeProvided","toBeProvided","toBeProvided","toBeProvided","toBeProvided","SRS282597","SRX111840","GSM849863: +1 long day (LD) B","GSM849863: +1 long day (LD) B","source_name: laser dissected shoot apical meristems || development stage: after 1 LD induction || strain: Col-0 || tissue: shoot apical meristems || BioSampleModel: Generic"
"SRR390310",36,8100589,"ILLUMINA","SRR390310_1.fastq.gz",33,"true",FALSE,5,250,1,0,0,0,0,"toBeProvided","toBeProvided","toBeProvided","toBeProvided","toBeProvided","SRS282598","SRX111841","GSM849864: +1 long day (LD) C","GSM849864: +1 long day (LD) C","source_name: laser dissected shoot apical meristems || development stage: after 1 LD induction || strain: Col-0 || tissue: shoot apical meristems || BioSampleModel: Generic"
"SRR390311",35,4286216,"ILLUMINA","SRR390311.fastq.gz",33,"true",FALSE,5,250,1,0,0,0,0,"toBeProvided","toBeProvided","toBeProvided","toBeProvided","toBeProvided","SRS282599","SRX111842","GSM849865: +3 long day (LD) A","GSM849865: +3 long day (LD) A","source_name: laser dissected shoot apical meristems || development stage: after 3 LD induction || strain: Col-0 || tissue: shoot apical meristems || BioSampleModel: Generic"
"SRR390312",35,2663601,"ILLUMINA","SRR390312.fastq.gz",33,"true",FALSE,5,250,1,0,0,0,0,"toBeProvided","toBeProvided","toBeProvided","toBeProvided","toBeProvided","SRS282600","SRX111843","GSM849866: +3 long day (LD) B","GSM849866: +3 long day (LD) B","source_name: laser dissected shoot apical meristems || development stage: after 3 LD induction || strain: Col-0 || tissue: shoot apical meristems || BioSampleModel: Generic"
"SRR390313",35,6174436,"ILLUMINA","SRR390313.fastq.gz",33,"true",FALSE,5,250,1,0,0,0,0,"toBeProvided","toBeProvided","toBeProvided","toBeProvided","toBeProvided","SRS282600","SRX111843","GSM849866: +3 long day (LD) B","GSM849866: +3 long day (LD) B","source_name: laser dissected shoot apical meristems || development stage: after 3 LD induction || strain: Col-0 || tissue: shoot apical meristems || BioSampleModel: Generic"
"SRR390314",36,11422486,"ILLUMINA","SRR390314_1.fastq.gz",33,"true",FALSE,5,250,1,0,0,0,0,"toBeProvided","toBeProvided","toBeProvided","toBeProvided","toBeProvided","SRS282601","SRX111844","GSM849867: +3 long day (LD) C","GSM849867: +3 long day (LD) C","source_name: laser dissected shoot apical meristems || development stage: after 3 LD induction || strain: Col-0 || tissue: shoot apical meristems || BioSampleModel: Generic"
"SRR419182",50,13501783,"ILLUMINA","SRR419182.fastq.gz",33,"true",FALSE,5,250,1,0,0,0,0,"toBeProvided","toBeProvided","toBeProvided","toBeProvided","toBeProvided","SRS295556","SRX123429","GSM881679: Col_mRNA_leaves","GSM881679: Col_mRNA_leaves","source_name: WT (eco Columbia) leaves || ecotype: Columbia-0 || genotype/variation: WT || tissue: 3 week old leaves || BioSampleModel: Generic"
"SRR419186",50,35175989,"ILLUMINA","SRR419186.fastq.gz",33,"true",FALSE,5,250,1,0,0,0,0,"toBeProvided","toBeProvided","toBeProvided","toBeProvided","toBeProvided","SRS295560","SRX123433","GSM881683: Col_2_mRNA_leaves","GSM881683: Col_2_mRNA_leaves","source_name: WT (eco Columbia) leaves || ecotype: Columbia-0 || genotype/variation: WT || tissue: 3 week old leaves || BioSampleModel: Generic"
"SRR479032",42,38893058,"ILLUMINA","SRR479032.fastq.gz",33,"true",FALSE,5,250,1,0,0,0,0,"toBeProvided","toBeProvided","toBeProvided","toBeProvided","toBeProvided","SRS308853","SRX140484","GSM913710: Col_floral_mRNA","GSM913710: Col_floral_mRNA","source_name: WT (eco Columbia) flowers || ecotype/background: Columbia-0 || genotype/variation: wild type || tissue: flowers || BioSampleModel: Generic"
"SRR501594",50,21595669,"ILLUMINA","SRR501594.fastq.gz",33,"true",FALSE,5,250,1,0,0,0,0,"toBeProvided","toBeProvided","toBeProvided","toBeProvided","toBeProvided","SRS335502","SRX150070","GSM938342: WT_seedling_RNAseq_setC","GSM938342: WT_seedling_RNAseq_setC","source_name: WT_seedling_RNAseq || ecotype: Col-0 || genotype/variation: wild type || tissue: 10 day seedlings || BioSampleModel: Generic"
"SRR501595",100,155802272,"ILLUMINA","SRR501595.fastq.gz",33,"true",FALSE,5,250,1,0,0,0,0,"toBeProvided","toBeProvided","toBeProvided","toBeProvided","toBeProvided","SRS335500","SRX150068","GSM938340: WT_seedling_RNAseq_setA","GSM938340: WT_seedling_RNAseq_setA","source_name: WT_seedling_RNAseq || ecotype: Col-0 || genotype/variation: wild type || tissue: 10 day seedlings || BioSampleModel: Generic"
"SRR501596",50,51774795,"ILLUMINA","SRR501596.fastq.gz",33,"true",FALSE,5,250,1,0,0,0,0,"toBeProvided","toBeProvided","toBeProvided","toBeProvided","toBeProvided","SRS335501","SRX150069","GSM938341: WT_seedling_RNAseq_setB","GSM938341: WT_seedling_RNAseq_setB","source_name: WT_seedling_RNAseq || ecotype: Col-0 || genotype/variation: wild type || tissue: 10 day seedlings || BioSampleModel: Generic"
"SRR501597",50,29486037,"ILLUMINA","SRR501597.fastq.gz",33,"true",FALSE,5,250,1,0,0,0,0,"toBeProvided","toBeProvided","toBeProvided","toBeProvided","toBeProvided","SRS335503","SRX150071","GSM938343: WT_seedling_RNAseq_setD","GSM938343: WT_seedling_RNAseq_setD","source_name: WT_seedling_RNAseq || ecotype: Col-0 || genotype/variation: wild type || tissue: 10 day seedlings || BioSampleModel: Generic"
"SRR504179",55,29505219,"ILLUMINA","SRR504179.fastq.gz",33,"true",FALSE,5,250,1,0,0,0,0,"toBeProvided","toBeProvided","toBeProvided","toBeProvided","toBeProvided","SRS344127","SRX151565","GSM941528: Col-0 RNA replicate 1","GSM941528: Col-0 RNA replicate 1","source_name: 2-3 week seedlings || strain: Col-0 || BioSampleModel: Generic"
"SRR504180",48,29735341,"ILLUMINA","SRR504180.fastq.gz",33,"true",FALSE,5,250,1,0,0,0,0,"toBeProvided","toBeProvided","toBeProvided","toBeProvided","toBeProvided","SRS344128","SRX151566","GSM941529: Col-0 RNA replicate 2","GSM941529: Col-0 RNA replicate 2","source_name: 2-3 week seedlings || strain: Col-0 || BioSampleModel: Generic"
"SRR504181",48,39742648,"ILLUMINA","SRR504181.fastq.gz",33,"true",FALSE,5,250,1,0,0,0,0,"toBeProvided","toBeProvided","toBeProvided","toBeProvided","toBeProvided","SRS344129","SRX151567","GSM941530: Col-0 RNA replicate 3","GSM941530: Col-0 RNA replicate 3","source_name: 2-3 week seedlings || strain: Col-0 || BioSampleModel: Generic"
"SRR514174",50,37100102,"ABI_SOLID","SRR514174.fastq.gz",33,"true",FALSE,5,250,1,0,0,0,0,"toBeProvided","toBeProvided","toBeProvided","toBeProvided","toBeProvided","SRS346328","SRX155046","GSM949727: total amplified RNA, Ler seed coat at 2-4cells embryo stage # SC_2","GSM949727: total amplified RNA, Ler seed coat at 2-4cells embryo stage # SC_2","source_name: seed coat (dissected) || Stage: seed coat from seeds with embryos at 2-to-4 cells stage || parental strains: Landsberg erecta (Ler) || parental genotype/variation: wildtype || BioSampleModel: Generic"
"SRR847501",75,26956447,"ILLUMINA","SRR847501.fastq.gz",33,"true",FALSE,5,250,1,0,0,0,0,"toBeProvided","toBeProvided","toBeProvided","toBeProvided","toBeProvided","SRS419143","SRX275909",NA,"Pollen","strain: Columbia-0 || label: Pollen || BioSampleModel: Generic"
"SRR847502",75,25225502,"ILLUMINA","SRR847502.fastq.gz",33,"true",FALSE,5,250,1,0,0,0,0,"toBeProvided","toBeProvided","toBeProvided","toBeProvided","toBeProvided","SRS419143","SRX275909",NA,"Pollen","strain: Columbia-0 || label: Pollen || BioSampleModel: Generic"
"SRR953399",101,48559490,"ILLUMINA","SRR953399.fastq.gz",33,"true",TRUE,5,250,1,0,0,0,0,"toBeProvided","toBeProvided","toBeProvided","toBeProvided","toBeProvided","SRS471084","SRX336073",NA,NA,"source_name: WT inflorescence || ecotype: Col-0 || tissue: inflorescence || BioSampleModel: Generic"
"SRR953400",101,39746108,"ILLUMINA","SRR953400.fastq.gz",33,"true",TRUE,5,250,1,0,0,0,0,"toBeProvided","toBeProvided","toBeProvided","toBeProvided","toBeProvided","SRS471085","SRX336074",NA,NA,"source_name: WT leaf || ecotype: Col-0 || tissue: leaf || BioSampleModel: Generic"
"SRR953401",101,38741858,"ILLUMINA","SRR953401.fastq.gz",33,"true",TRUE,5,250,1,0,0,0,0,"toBeProvided","toBeProvided","toBeProvided","toBeProvided","toBeProvided","SRS471086","SRX336075",NA,NA,"source_name: WT silique || ecotype: Col-0 || tissue: silique || BioSampleModel: Generic"
